data,ITH31,ITH32,ITH33,ITH34,ITH35,ITH36,ITH37
2020-02-25,,,,1.0,7.0,30.0,
2020-02-26,,,,2.0,8.0,40.0,
2020-02-27,,3.0,,22.0,14.0,59.0,
2020-02-28,,3.0,,23.0,15.0,68.0,
2020-02-29,,3.0,,35.0,19.0,81.0,
2020-03-01,2.0,3.0,,43.0,24.0,105.0,
2020-03-02,8.0,3.0,3.0,72.0,48.0,135.0,
2020-03-03,17.0,5.0,5.0,82.0,48.0,144.0,1.0
2020-03-04,21.0,10.0,7.0,86.0,59.0,162.0,4.0
2020-03-05,25.0,19.0,7.0,89.0,73.0,175.0,5.0
2020-03-06,42.0,24.0,7.0,103.0,85.0,198.0,5.0
2020-03-07,52.0,37.0,11.0,110.0,100.0,216.0,5.0
2020-03-08,63.0,50.0,23.0,126.0,126.0,255.0,5.0
2020-03-09,73.0,53.0,29.0,136.0,130.0,273.0,7.0
2020-03-10,96.0,73.0,29.0,158.0,152.0,296.0,10.0
2020-03-11,110.0,92.0,30.0,185.0,179.0,373.0,14.0
2020-03-12,150.0,122.0,48.0,279.0,205.0,439.0,13.0
2020-03-13,210.0,141.0,59.0,327.0,248.0,523.0,16.0
2020-03-14,275.0,164.0,78.0,376.0,282.0,611.0,27.0
2020-03-15,335.0,235.0,82.0,413.0,328.0,658.0,27.0
2020-03-16,425.0,287.0,101.0,452.0,356.0,715.0,27.0
2020-03-17,481.0,325.0,109.0,502.0,378.0,781.0,28.0
2020-03-18,626.0,393.0,140.0,591.0,426.0,882.0,33.0
2020-03-19,686.0,424.0,150.0,637.0,475.0,924.0,52.0
2020-03-20,784.0,518.0,195.0,719.0,574.0,1026.0,67.0
2020-03-21,954.0,572.0,212.0,806.0,666.0,1155.0,68.0
2020-03-22,1046.0,631.0,226.0,935.0,732.0,1277.0,76.0
2020-03-23,1099.0,691.0,254.0,999.0,799.0,1371.0,80.0
2020-03-24,1228.0,744.0,273.0,1091.0,837.0,1464.0,82.0
2020-03-25,1304.0,824.0,298.0,1177.0,874.0,1636.0,87.0
2020-03-26,1402.0,899.0,313.0,1254.0,920.0,1777.0,110.0
2020-03-27,1645.0,966.0,329.0,1310.0,955.0,1891.0,122.0
2020-03-28,1754.0,1036.0,367.0,1359.0,1019.0,2009.0,122.0
2020-03-29,1876.0,1104.0,396.0,1402.0,1067.0,2124.0,125.0
2020-03-30,1982.0,1168.0,423.0,1449.0,1107.0,2188.0,131.0
2020-03-31,2112.0,1242.0,430.0,1522.0,1170.0,2264.0,136.0
2020-04-01,2287.0,1327.0,460.0,1554.0,1231.0,2368.0,140.0
2020-04-02,2405.0,1434.0,487.0,1606.0,1293.0,2489.0,152.0
2020-04-03,2488.0,1514.0,499.0,1657.0,1321.0,2553.0,180.0
2020-04-04,2547.0,1608.0,522.0,1687.0,1362.0,2632.0,184.0
2020-04-05,2688.0,1647.0,538.0,1712.0,1425.0,2744.0,186.0
2020-04-06,2755.0,1704.0,558.0,1726.0,1487.0,2863.0,203.0
2020-04-07,2856.0,1734.0,577.0,1738.0,1543.0,2965.0,218.0
2020-04-08,2920.0,1782.0,602.0,1863.0,1630.0,3056.0,232.0
2020-04-09,3049.0,1885.0,620.0,1906.0,1751.0,3134.0,249.0
2020-04-10,3257.0,1953.0,649.0,1944.0,1780.0,3206.0,271.0
2020-04-11,3402.0,2009.0,653.0,1973.0,1883.0,3250.0,274.0
2020-04-12,3495.0,2055.0,664.0,1983.0,1957.0,3310.0,280.0
2020-04-13,3547.0,2080.0,686.0,1983.0,1983.0,3354.0,280.0
2020-04-14,3572.0,2089.0,698.0,2032.0,2008.0,3407.0,287.0
2020-04-15,3649.0,2136.0,723.0,2033.0,2013.0,3450.0,291.0
2020-04-16,3730.0,2170.0,755.0,2135.0,2036.0,3537.0,297.0
2020-04-17,3805.0,2200.0,807.0,2237.0,2096.0,3591.0,301.0
2020-04-18,3880.0,2296.0,835.0,2300.0,2116.0,3633.0,306.0
2020-04-19,3974.0,2339.0,856.0,2315.0,2143.0,3667.0,306.0
2020-04-20,3998.0,2379.0,904.0,2325.0,2177.0,3693.0,307.0
2020-04-21,4070.0,2390.0,967.0,2351.0,2191.0,3721.0,369.0
2020-04-22,4164.0,2433.0,979.0,2386.0,2279.0,3751.0,400.0
2020-04-23,4222.0,2454.0,987.0,2395.0,2308.0,3769.0,403.0
2020-04-24,4398.0,2483.0,1042.0,2420.0,2340.0,3794.0,413.0
2020-04-25,4473.0,2536.0,1047.0,2439.0,2342.0,3802.0,416.0
2020-04-26,4492.0,2554.0,1050.0,2453.0,2347.0,3818.0,417.0
2020-04-27,4526.0,2571.0,1060.0,2476.0,2366.0,3827.0,422.0
2020-04-28,4556.0,2596.0,1061.0,2483.0,2418.0,3836.0,424.0
2020-04-29,4627.0,2616.0,1084.0,2487.0,2425.0,3836.0,426.0
2020-04-30,4666.0,2644.0,1107.0,2511.0,2438.0,3851.0,427.0
2020-05-01,4709.0,2680.0,1111.0,2518.0,2471.0,3862.0,430.0
2020-05-02,4771.0,2701.0,1124.0,2539.0,2487.0,3867.0,430.0
2020-05-03,4800.0,2713.0,1129.0,2551.0,2502.0,3867.0,431.0
2020-05-04,4821.0,2719.0,1135.0,2557.0,2513.0,3871.0,430.0
2020-05-05,4831.0,2722.0,1140.0,2560.0,2519.0,3876.0,429.0
2020-05-06,4860.0,2732.0,1141.0,2563.0,2550.0,3879.0,430.0
2020-05-07,4897.0,2743.0,1142.0,2565.0,2568.0,3885.0,429.0
2020-05-08,4917.0,2748.0,1145.0,2588.0,2575.0,3889.0,429.0
2020-05-09,4934.0,2756.0,1146.0,2607.0,2580.0,3891.0,430.0
2020-05-10,4944.0,2772.0,1148.0,2607.0,2596.0,3895.0,432.0
2020-05-11,4946.0,2773.0,1148.0,2609.0,2599.0,3900.0,433.0
2020-05-12,4957.0,2787.0,1150.0,2613.0,2611.0,3903.0,433.0
2020-05-13,4967.0,2789.0,1150.0,2618.0,2617.0,3904.0,435.0
2020-05-14,4978.0,2795.0,1151.0,2621.0,2622.0,3907.0,436.0
2020-05-15,4997.0,2808.0,1151.0,2625.0,2626.0,3908.0,437.0
2020-05-16,5002.0,2814.0,1151.0,2635.0,2630.0,3912.0,437.0
2020-05-17,5006.0,2816.0,1153.0,2637.0,2632.0,3914.0,438.0
2020-05-18,5008.0,2818.0,1153.0,2641.0,2633.0,3915.0,439.0
2020-05-19,5040.0,2824.0,1153.0,2644.0,2636.0,3916.0,440.0
2020-05-20,5056.0,2830.0,1153.0,2648.0,2640.0,3919.0,440.0
2020-05-21,5053.0,2831.0,1153.0,2650.0,2644.0,3923.0,440.0
2020-05-22,5063.0,2832.0,1153.0,2651.0,2648.0,3926.0,441.0
2020-05-23,5069.0,2832.0,1153.0,2654.0,2649.0,3927.0,441.0
2020-05-24,5075.0,2834.0,1159.0,2655.0,2649.0,3927.0,442.0
2020-05-25,5077.0,2834.0,1162.0,2655.0,2652.0,3928.0,442.0
2020-05-26,5079.0,2835.0,1162.0,2656.0,2657.0,3929.0,442.0
2020-05-27,5079.0,2839.0,1165.0,2656.0,2660.0,3929.0,442.0
2020-05-28,5087.0,2843.0,1166.0,2657.0,2657.0,3930.0,442.0
2020-05-29,5093.0,2845.0,1165.0,2657.0,2656.0,3931.0,442.0
2020-05-30,5098.0,2845.0,1167.0,2658.0,2661.0,3931.0,442.0
2020-05-31,5099.0,2846.0,1170.0,2658.0,2661.0,3932.0,442.0
2020-06-01,5099.0,2846.0,1171.0,2658.0,2661.0,3933.0,442.0
2020-06-02,5100.0,2849.0,1171.0,2658.0,2665.0,3933.0,442.0
2020-06-03,5100.0,2849.0,1173.0,2659.0,2665.0,3932.0,442.0
2020-06-04,5101.0,2848.0,1175.0,2659.0,2667.0,3932.0,442.0
2020-06-05,5103.0,2851.0,1175.0,2661.0,2666.0,3932.0,442.0
2020-06-06,5106.0,2851.0,1176.0,2663.0,2667.0,3933.0,442.0
2020-06-07,5105.0,2852.0,1176.0,2663.0,2668.0,3933.0,442.0
2020-06-08,5105.0,2852.0,1177.0,2665.0,2668.0,3933.0,443.0
2020-06-09,5106.0,2852.0,1177.0,2665.0,2668.0,3934.0,443.0
2020-06-10,5107.0,2852.0,1177.0,2665.0,2671.0,3935.0,443.0
2020-06-11,5107.0,2855.0,1179.0,2666.0,2673.0,3934.0,443.0
2020-06-12,5109.0,2855.0,1179.0,2665.0,2675.0,3933.0,442.0
2020-06-13,5110.0,2855.0,1180.0,2666.0,2674.0,3942.0,443.0
2020-06-14,5110.0,2855.0,1181.0,2666.0,2678.0,3942.0,443.0
2020-06-15,5110.0,2855.0,1181.0,2666.0,2678.0,3943.0,443.0
2020-06-16,5112.0,2855.0,1182.0,2665.0,2678.0,3943.0,443.0
2020-06-17,5113.0,2855.0,1183.0,2666.0,2679.0,3943.0,443.0
2020-06-18,5118.0,2856.0,1183.0,2666.0,2679.0,3944.0,443.0
2020-06-19,5118.0,2856.0,1183.0,2666.0,2680.0,3944.0,443.0
2020-06-20,5119.0,2856.0,1183.0,2667.0,2680.0,3944.0,443.0
2020-06-21,5121.0,2858.0,1185.0,2667.0,2680.0,3944.0,443.0
2020-06-22,5121.0,2858.0,1185.0,2669.0,2680.0,3944.0,443.0
2020-06-23,5122.0,2859.0,1185.0,2669.0,2681.0,3943.0,445.0
2020-06-24,5123.0,2860.0,1185.0,2669.0,2681.0,3944.0,444.0
2020-06-25,5123.0,2859.0,1185.0,2670.0,2681.0,3947.0,444.0
2020-06-26,5124.0,2862.0,1185.0,2670.0,2681.0,3948.0,444.0
2020-06-27,5124.0,2862.0,1186.0,2669.0,2682.0,3949.0,444.0
2020-06-28,5126.0,2864.0,1190.0,2672.0,2682.0,3949.0,444.0
2020-06-29,5126.0,2865.0,1191.0,2672.0,2682.0,3950.0,444.0
2020-06-30,5127.0,2866.0,1191.0,2673.0,2682.0,3954.0,444.0
2020-07-01,5128.0,2867.0,1194.0,2673.0,2682.0,3953.0,444.0
2020-07-02,5129.0,2870.0,1194.0,2683.0,2682.0,3958.0,444.0
2020-07-03,5129.0,2870.0,1194.0,2686.0,2683.0,3958.0,444.0
2020-07-04,5129.0,2871.0,1194.0,2687.0,2683.0,3959.0,444.0
2020-07-05,5130.0,2873.0,1195.0,2687.0,2684.0,3961.0,444.0
2020-07-06,5130.0,2873.0,1195.0,2687.0,2684.0,3962.0,444.0
2020-07-07,5130.0,2873.0,1196.0,2688.0,2690.0,3965.0,444.0
2020-07-08,5131.0,2873.0,1197.0,2690.0,2689.0,3969.0,444.0
2020-07-09,5132.0,2874.0,1197.0,2692.0,2692.0,3975.0,445.0
2020-07-10,5132.0,2876.0,1198.0,2692.0,2696.0,3979.0,446.0
2020-07-11,5133.0,2876.0,1199.0,2696.0,2698.0,3981.0,445.0
2020-07-12,5138.0,2878.0,1200.0,2697.0,2699.0,3985.0,445.0
2020-07-13,5138.0,2878.0,1201.0,2697.0,2700.0,3987.0,445.0
2020-07-14,5141.0,2879.0,1200.0,2707.0,2701.0,3991.0,446.0
2020-07-15,5143.0,2881.0,1200.0,2715.0,2702.0,3999.0,446.0
2020-07-16,5151.0,2882.0,1200.0,2717.0,2702.0,4011.0,448.0
2020-07-17,5153.0,2882.0,1200.0,2720.0,2734.0,4028.0,448.0
2020-07-18,5154.0,2883.0,1202.0,2730.0,2736.0,4043.0,448.0
2020-07-19,5157.0,2883.0,1204.0,2732.0,2741.0,4074.0,451.0
2020-07-20,5157.0,2884.0,1204.0,2732.0,2745.0,4108.0,452.0
2020-07-21,5156.0,2885.0,1204.0,2738.0,2746.0,4119.0,452.0
2020-07-22,5158.0,2886.0,1208.0,2738.0,2759.0,4136.0,455.0
2020-07-23,5188.0,2884.0,1211.0,2737.0,2766.0,4157.0,457.0
2020-07-24,5190.0,2887.0,1211.0,2740.0,2774.0,4169.0,459.0
2020-07-25,5193.0,2889.0,1212.0,2749.0,2778.0,4183.0,459.0
2020-07-26,5192.0,2890.0,1212.0,2749.0,2781.0,4197.0,459.0
2020-07-27,5192.0,2899.0,1212.0,2749.0,2784.0,4200.0,459.0
2020-07-28,5197.0,2904.0,1212.0,2758.0,2788.0,4204.0,458.0
2020-07-29,5203.0,2909.0,1212.0,2768.0,2801.0,4211.0,458.0
2020-07-30,5200.0,2911.0,1212.0,2850.0,2816.0,4224.0,458.0
2020-07-31,5202.0,2915.0,1212.0,2920.0,2839.0,4242.0,459.0
2020-08-01,5207.0,2916.0,1212.0,2932.0,2848.0,4252.0,461.0
2020-08-02,5211.0,2920.0,1212.0,2938.0,2858.0,4272.0,461.0
2020-08-03,5212.0,2920.0,1212.0,2938.0,2863.0,4282.0,461.0
2020-08-04,5214.0,2922.0,1212.0,2941.0,2871.0,4286.0,464.0
2020-08-05,5222.0,2925.0,1212.0,2946.0,2884.0,4298.0,464.0
2020-08-06,5235.0,2931.0,1212.0,2951.0,2902.0,4311.0,467.0
2020-08-07,5242.0,2937.0,1212.0,3082.0,2916.0,4334.0,469.0
2020-08-08,5251.0,2940.0,1212.0,3100.0,2934.0,4345.0,470.0
2020-08-09,5262.0,2948.0,1213.0,3112.0,2943.0,4357.0,473.0
2020-08-10,5263.0,2948.0,1213.0,3116.0,2954.0,4360.0,475.0
2020-08-11,5288.0,2952.0,1213.0,3127.0,2960.0,4375.0,475.0
2020-08-12,5295.0,2955.0,1214.0,3152.0,2969.0,4383.0,476.0
2020-08-13,5307.0,2966.0,1215.0,3175.0,2980.0,4409.0,480.0
2020-08-14,5326.0,2976.0,1217.0,3220.0,3007.0,4422.0,482.0
2020-08-15,5345.0,2986.0,1220.0,3275.0,3018.0,4433.0,490.0
2020-08-16,5366.0,2991.0,1220.0,3293.0,3028.0,4447.0,496.0
2020-08-17,5377.0,2997.0,1222.0,3298.0,3033.0,4457.0,496.0
2020-08-18,5391.0,3003.0,1222.0,3322.0,3038.0,4466.0,496.0
2020-08-19,5398.0,3010.0,1228.0,3344.0,3047.0,4476.0,501.0
2020-08-20,5422.0,3022.0,1235.0,3435.0,3053.0,4490.0,507.0
2020-08-21,5450.0,3028.0,1237.0,3479.0,3066.0,4509.0,511.0
2020-08-22,5470.0,3037.0,1241.0,3562.0,3078.0,4533.0,511.0
2020-08-23,5481.0,3065.0,1244.0,3611.0,3093.0,4556.0,516.0
2020-08-24,5492.0,3068.0,1245.0,3685.0,3102.0,4571.0,517.0
2020-08-25,5507.0,3076.0,1248.0,3732.0,3121.0,4590.0,518.0
2020-08-26,5522.0,3101.0,1249.0,3784.0,3135.0,4622.0,522.0
2020-08-27,5538.0,3126.0,1252.0,3815.0,3161.0,4645.0,523.0
2020-08-28,5551.0,3154.0,1257.0,3861.0,3186.0,4656.0,524.0
2020-08-29,5571.0,3178.0,1265.0,3900.0,3223.0,4676.0,528.0
2020-08-30,5589.0,3186.0,1264.0,3924.0,3238.0,4710.0,535.0
2020-08-31,5602.0,3192.0,1267.0,3939.0,3253.0,4723.0,534.0
2020-09-01,5608.0,3214.0,1271.0,3984.0,3266.0,4727.0,534.0
2020-09-02,5636.0,3237.0,1271.0,4031.0,3306.0,4746.0,536.0
2020-09-03,5657.0,3258.0,1274.0,4046.0,3326.0,4772.0,543.0
2020-09-04,5695.0,3285.0,1275.0,4167.0,3356.0,4801.0,545.0
2020-09-05,5726.0,3313.0,1277.0,4230.0,3375.0,4820.0,565.0
2020-09-06,5745.0,3358.0,1280.0,4287.0,3387.0,4850.0,574.0
2020-09-07,5757.0,3374.0,1281.0,4307.0,3403.0,4852.0,575.0
2020-09-08,5780.0,3388.0,1282.0,4348.0,3428.0,4858.0,579.0
2020-09-09,5796.0,3396.0,1287.0,4365.0,3451.0,4872.0,584.0
2020-09-10,5830.0,3427.0,1288.0,4412.0,3461.0,4883.0,596.0
2020-09-11,5877.0,3451.0,1293.0,4443.0,3499.0,4897.0,602.0
2020-09-12,5898.0,3473.0,1298.0,4494.0,3517.0,4910.0,604.0
2020-09-13,5938.0,3497.0,1305.0,4516.0,3543.0,4924.0,609.0
2020-09-14,5952.0,3502.0,1306.0,4529.0,3552.0,4931.0,610.0
2020-09-15,5969.0,3507.0,1316.0,4580.0,3568.0,4937.0,613.0
2020-09-16,6019.0,3525.0,1322.0,4603.0,3590.0,4961.0,620.0
2020-09-17,6045.0,3533.0,1329.0,4640.0,3606.0,4970.0,626.0
2020-09-18,6094.0,3570.0,1331.0,4686.0,3631.0,4987.0,625.0
2020-09-19,6148.0,3594.0,1334.0,4712.0,3666.0,5019.0,631.0
2020-09-20,6178.0,3631.0,1336.0,4739.0,3698.0,5054.0,640.0
2020-09-21,6207.0,3635.0,1344.0,4770.0,3711.0,5068.0,642.0
2020-09-22,6228.0,3647.0,1347.0,4815.0,3726.0,5091.0,642.0
2020-09-23,6273.0,3665.0,1353.0,4848.0,3755.0,5104.0,645.0
2020-09-24,6331.0,3690.0,1360.0,4881.0,3798.0,5173.0,649.0
2020-09-25,6374.0,3708.0,1371.0,4929.0,3832.0,5208.0,652.0
2020-09-26,6419.0,3738.0,1372.0,4999.0,3872.0,5238.0,653.0
2020-09-27,6437.0,3770.0,1382.0,5027.0,3905.0,5265.0,656.0
2020-09-28,6444.0,3783.0,1416.0,5081.0,3944.0,5296.0,656.0
2020-09-29,6464.0,3800.0,1423.0,5127.0,3978.0,5311.0,656.0
2020-09-30,6500.0,3826.0,1426.0,5169.0,4000.0,5339.0,659.0
2020-10-01,6556.0,3863.0,1449.0,5333.0,4120.0,5377.0,660.0
2020-10-02,6600.0,3896.0,1454.0,5386.0,4159.0,5383.0,667.0
2020-10-03,6638.0,3933.0,1493.0,5425.0,4229.0,5423.0,669.0
2020-10-04,6688.0,3991.0,1512.0,5476.0,4278.0,5447.0,675.0
2020-10-05,6697.0,3998.0,1538.0,5543.0,4357.0,5480.0,675.0
2020-10-06,6729.0,4020.0,1556.0,5583.0,4395.0,5513.0,676.0
2020-10-07,6794.0,4079.0,1602.0,5665.0,4478.0,5536.0,677.0
2020-10-08,6884.0,4188.0,1641.0,5771.0,4566.0,5577.0,681.0
2020-10-09,6980.0,4256.0,1716.0,5891.0,4697.0,5670.0,685.0
2020-10-10,7111.0,4346.0,1762.0,5957.0,4820.0,5761.0,687.0
2020-10-11,7171.0,4435.0,1808.0,6046.0,4870.0,5840.0,692.0
2020-10-12,7177.0,4463.0,1865.0,6117.0,4960.0,5902.0,693.0
2020-10-13,7281.0,4550.0,1924.0,6180.0,5042.0,5980.0,701.0
2020-10-14,7376.0,4684.0,1974.0,6314.0,5176.0,6071.0,704.0
2020-10-15,7500.0,4809.0,1991.0,6336.0,5232.0,6156.0,723.0
2020-10-16,7617.0,4930.0,2057.0,6465.0,5339.0,6287.0,730.0
2020-10-17,7712.0,5088.0,2088.0,6739.0,5385.0,6417.0,749.0
2020-10-18,7855.0,5259.0,2142.0,6911.0,5420.0,6603.0,766.0
2020-10-19,7884.0,5318.0,2178.0,7095.0,5423.0,6759.0,793.0
2020-10-20,8003.0,5386.0,2255.0,7193.0,5461.0,6837.0,797.0
2020-10-21,8168.0,5576.0,2318.0,7460.0,5956.0,7017.0,811.0
2020-10-22,8350.0,5891.0,2395.0,7700.0,6125.0,7328.0,822.0
2020-10-23,8596.0,6211.0,2462.0,8141.0,6297.0,7549.0,870.0
2020-10-24,8868.0,6582.0,2563.0,8487.0,6500.0,7937.0,892.0
2020-10-25,9016.0,7031.0,2666.0,8743.0,6676.0,8177.0,958.0
2020-10-26,9088.0,7185.0,2751.0,9011.0,6842.0,8530.0,973.0
2020-10-27,9306.0,7451.0,2835.0,9334.0,7080.0,8826.0,1049.0
2020-10-28,9569.0,8016.0,3010.0,9761.0,7409.0,9131.0,1085.0
2020-10-29,9895.0,8431.0,3110.0,10179.0,7688.0,9614.0,1133.0
2020-10-30,10347.0,8991.0,3243.0,10924.0,8009.0,10238.0,1253.0
2020-10-31,10731.0,9484.0,3339.0,11468.0,8341.0,10972.0,1330.0
2020-11-01,11105.0,10064.0,3450.0,11792.0,8610.0,11513.0,1404.0
2020-11-02,11225.0,10225.0,3508.0,12169.0,8857.0,12017.0,1461.0
2020-11-03,11513.0,10577.0,3636.0,12745.0,9282.0,12397.0,1544.0
2020-11-04,11972.0,10916.0,3713.0,13272.0,9647.0,12948.0,1622.0
2020-11-05,12723.0,11713.0,3868.0,13915.0,9898.0,13494.0,1689.0
2020-11-06,13598.0,12302.0,3998.0,14656.0,10242.0,13953.0,1780.0
2020-11-07,14380.0,13108.0,4258.0,15307.0,10754.0,14580.0,1913.0
2020-11-08,14940.0,13949.0,4526.0,15792.0,11300.0,15067.0,2016.0
2020-11-09,15114.0,14212.0,4641.0,16305.0,11715.0,15610.0,2142.0
2020-11-10,15714.0,14482.0,4846.0,16828.0,12237.0,16158.0,2180.0
2020-11-11,16424.0,15000.0,5132.0,17314.0,12676.0,16672.0,2281.0
2020-11-12,17137.0,15572.0,5285.0,18163.0,13143.0,17289.0,2399.0
2020-11-13,17856.0,16309.0,5582.0,18867.0,13451.0,17957.0,2494.0
2020-11-14,18680.0,16824.0,5792.0,19474.0,14111.0,18533.0,2605.0
2020-11-15,19064.0,17695.0,5938.0,19844.0,14537.0,19012.0,2684.0
2020-11-16,19173.0,17894.0,6081.0,20244.0,14943.0,19602.0,2741.0
2020-11-17,20020.0,18287.0,6248.0,20725.0,15521.0,20097.0,2827.0
2020-11-18,20614.0,18954.0,6426.0,21314.0,15902.0,20510.0,2902.0
2020-11-19,21402.0,19569.0,6652.0,22138.0,16312.0,21283.0,2956.0
2020-11-20,21981.0,20247.0,6857.0,22846.0,16699.0,22007.0,3089.0
2020-11-21,22794.0,20790.0,7107.0,23394.0,17261.0,22711.0,3198.0
2020-11-22,23247.0,21370.0,7218.0,23908.0,17804.0,23300.0,3283.0
2020-11-23,23365.0,22157.0,7370.0,24314.0,18177.0,23887.0,3347.0
2020-11-24,23873.0,22560.0,7564.0,24787.0,18450.0,24214.0,3434.0
2020-11-25,24567.0,23198.0,7724.0,24796.0,18892.0,24780.0,3547.0
2020-11-26,25142.0,23773.0,7870.0,26138.0,19483.0,25367.0,3649.0
2020-11-27,25796.0,24461.0,8023.0,26910.0,19809.0,26072.0,3713.0
2020-11-28,26622.0,25063.0,8215.0,27454.0,20398.0,26722.0,3774.0
2020-11-29,26998.0,25696.0,8401.0,27810.0,20820.0,27243.0,3837.0
2020-11-30,27264.0,25962.0,8593.0,28140.0,21253.0,27671.0,3890.0
2020-12-01,27641.0,26360.0,8724.0,28728.0,21682.0,28069.0,3989.0
2020-12-02,28183.0,26885.0,8843.0,29223.0,22090.0,28593.0,4127.0
2020-12-03,29030.0,27482.0,9064.0,29946.0,22433.0,29281.0,4243.0
2020-12-04,29692.0,28168.0,9316.0,30653.0,22996.0,29953.0,4325.0
2020-12-05,30485.0,28616.0,9563.0,31440.0,23580.0,30541.0,4406.0
2020-12-06,31020.0,29365.0,9908.0,31952.0,24142.0,31073.0,4577.0
2020-12-07,31708.0,29602.0,10003.0,32470.0,24632.0,31486.0,4643.0
2020-12-08,32312.0,30186.0,10180.0,33048.0,25135.0,32021.0,4728.0
2020-12-09,32970.0,30552.0,10270.0,33385.0,25531.0,32472.0,4833.0
2020-12-10,34282.0,31107.0,10491.0,34050.0,26136.0,33125.0,4959.0
2020-12-11,35186.0,31847.0,10783.0,34640.0,26681.0,33738.0,5109.0
2020-12-12,36223.0,32715.0,11038.0,35901.0,27389.0,34544.0,5226.0
2020-12-13,37057.0,33625.0,11276.0,36709.0,27972.0,35084.0,5366.0
2020-12-14,37437.0,33950.0,11499.0,37571.0,28278.0,35702.0,5425.0
2020-12-15,38056.0,34446.0,11670.0,38192.0,29059.0,36243.0,5511.0
2020-12-16,38916.0,35161.0,11933.0,38863.0,29633.0,36795.0,5651.0
2020-12-17,39726.0,35756.0,12228.0,39993.0,30291.0,37497.0,5801.0
2020-12-18,40748.0,36353.0,12421.0,40933.0,30951.0,38279.0,5919.0
2020-12-19,41585.0,36980.0,12613.0,41698.0,31510.0,38980.0,6041.0
2020-12-20,42301.0,37666.0,12810.0,42374.0,32205.0,39644.0,6192.0
2020-12-21,42779.0,37984.0,12946.0,42853.0,32638.0,40256.0,6282.0
2020-12-22,43311.0,38394.0,13103.0,43579.0,33207.0,40834.0,6378.0
2020-12-23,43962.0,39017.0,13360.0,44179.0,33728.0,41365.0,6527.0
2020-12-24,44784.0,39659.0,13575.0,44948.0,34390.0,41919.0,6660.0
2020-12-25,45557.0,40516.0,13840.0,45994.0,35397.0,42713.0,6845.0
2020-12-26,46103.0,40733.0,13891.0,46484.0,35943.0,43245.0,6957.0
2020-12-27,46802.0,41274.0,14069.0,47208.0,36433.0,43863.0,7025.0
2020-12-28,47413.0,41451.0,14177.0,47689.0,37086.0,44502.0,7115.0
2020-12-29,47991.0,41830.0,14280.0,48090.0,37585.0,45071.0,7225.0
2020-12-30,48574.0,42345.0,14438.0,48582.0,38173.0,45587.0,7340.0
2020-12-31,49675.0,43116.0,14636.0,49654.0,38865.0,46374.0,7466.0
2021-01-01,50891.0,43840.0,14859.0,50689.0,39824.0,46786.0,7641.0
2021-01-02,51474.0,44147.0,15035.0,51522.0,40415.0,47321.0,7759.0
2021-01-03,51824.0,44755.0,15142.0,52466.0,40895.0,48110.0,7876.0
2021-01-04,52023.0,44925.0,15233.0,52836.0,41422.0,48355.0,7941.0
2021-01-05,52769.0,45364.0,15325.0,52991.0,42074.0,49293.0,8059.0
2021-01-06,53425.0,45959.0,15591.0,53941.0,42578.0,49777.0,8199.0
2021-01-07,54199.0,46221.0,15748.0,54922.0,43289.0,50274.0,8360.0
2021-01-08,54750.0,46847.0,15867.0,55434.0,43900.0,51126.0,8459.0
2021-01-09,55450.0,47300.0,16054.0,55953.0,44405.0,51664.0,8605.0
2021-01-10,55839.0,47739.0,16166.0,56296.0,44860.0,51969.0,8703.0
2021-01-11,56023.0,47858.0,16196.0,56785.0,45182.0,52483.0,8749.0
2021-01-12,56429.0,48128.0,16273.0,57121.0,45738.0,52838.0,8831.0
2021-01-13,56705.0,48411.0,16351.0,57603.0,46057.0,53190.0,8926.0
2021-01-14,57033.0,48673.0,16458.0,58002.0,46465.0,53653.0,8996.0
2021-01-15,57438.0,48763.0,16387.0,58223.0,46583.0,53929.0,9063.0
2021-01-16,57705.0,49068.0,16569.0,58469.0,47039.0,54295.0,9109.0
2021-01-17,57998.0,49270.0,16617.0,58704.0,47233.0,54630.0,9156.0
2021-01-18,58180.0,49336.0,16695.0,58944.0,47453.0,54804.0,9185.0
2021-01-19,58360.0,49465.0,16726.0,59136.0,47734.0,54900.0,9201.0
2021-01-20,58643.0,49681.0,16775.0,59414.0,47954.0,55141.0,9262.0
2021-01-21,58862.0,49820.0,16813.0,59506.0,48167.0,55408.0,9286.0
2021-01-22,59106.0,49977.0,16858.0,59732.0,48346.0,55685.0,9340.0
2021-01-23,59280.0,50140.0,16907.0,59895.0,48563.0,55882.0,9390.0
2021-01-24,59462.0,50282.0,16948.0,60092.0,48691.0,56115.0,9411.0
2021-01-25,59543.0,50334.0,16975.0,60191.0,48828.0,56229.0,9426.0
2021-01-26,59670.0,50435.0,17022.0,60302.0,49031.0,56342.0,9447.0
2021-01-27,60110.0,50795.0,17099.0,60807.0,49434.0,56846.0,9517.0
2021-01-28,60205.0,50876.0,17131.0,60883.0,49556.0,56970.0,9545.0
2021-01-29,60354.0,51066.0,17233.0,61046.0,49765.0,57095.0,9572.0
2021-01-30,60502.0,51193.0,17266.0,61129.0,49973.0,57240.0,9600.0
2021-01-31,60571.0,51279.0,17276.0,61215.0,50112.0,57326.0,9610.0
2021-02-01,60624.0,51339.0,17304.0,61356.0,50170.0,57466.0,9628.0
2021-02-02,60720.0,51461.0,17316.0,61474.0,50277.0,57590.0,9668.0
2021-02-03,60816.0,51574.0,17336.0,61604.0,50372.0,57724.0,9697.0
2021-02-04,60986.0,51753.0,17355.0,61794.0,50493.0,57883.0,9746.0
2021-02-05,61074.0,51885.0,17367.0,61922.0,50580.0,58060.0,9776.0
2021-02-06,61213.0,52036.0,17404.0,62047.0,50720.0,58248.0,9815.0
2021-02-07,61263.0,52118.0,17423.0,62150.0,50779.0,58408.0,9829.0
2021-02-08,61299.0,52198.0,17434.0,62206.0,50911.0,58515.0,9842.0
2021-02-09,61430.0,52339.0,17464.0,62305.0,51032.0,58664.0,9871.0
2021-02-10,61535.0,52461.0,17500.0,62497.0,51161.0,58854.0,9919.0
2021-02-11,61644.0,52563.0,17541.0,62611.0,51297.0,59011.0,9960.0
2021-02-12,61752.0,52720.0,17562.0,62752.0,51421.0,59156.0,10003.0
2021-02-13,61872.0,52814.0,17603.0,62876.0,51549.0,59308.0,10034.0
2021-02-14,61934.0,52898.0,17640.0,62967.0,51655.0,59411.0,10058.0
2021-02-15,61969.0,52915.0,17643.0,62985.0,51693.0,59507.0,10078.0
2021-02-16,62083.0,53040.0,17674.0,63112.0,51811.0,59609.0,10091.0
2021-02-17,62164.0,53160.0,17707.0,63162.0,51904.0,59706.0,10103.0
2021-02-18,62326.0,53330.0,17775.0,63342.0,52073.0,59973.0,10157.0
2021-02-19,62421.0,53464.0,17795.0,63405.0,52197.0,60163.0,10185.0
2021-02-20,62608.0,53673.0,17848.0,63644.0,52383.0,60471.0,10244.0
2021-02-21,62720.0,53778.0,17875.0,63775.0,52543.0,60639.0,10266.0
2021-02-22,62760.0,53825.0,17877.0,63841.0,52639.0,60833.0,10310.0
2021-02-23,62915.0,53994.0,17930.0,64081.0,52808.0,61059.0,10357.0
2021-02-24,63107.0,54173.0,17966.0,64171.0,52903.0,61288.0,10415.0
2021-02-25,63293.0,54385.0,18019.0,64420.0,53131.0,61587.0,10472.0
2021-02-26,63495.0,54556.0,18066.0,64589.0,53318.0,61910.0,10535.0
2021-02-27,63707.0,54743.0,18117.0,64810.0,53561.0,62205.0,10593.0
2021-02-28,63841.0,54885.0,18146.0,64986.0,53743.0,62375.0,10655.0
2021-03-01,63923.0,54956.0,18146.0,65076.0,53882.0,62567.0,10666.0
2021-03-02,64145.0,55152.0,18215.0,65311.0,54024.0,62855.0,10726.0
2021-03-03,64377.0,55381.0,18254.0,65605.0,54140.0,63133.0,10788.0
2021-03-04,64586.0,55625.0,18312.0,65866.0,54378.0,63516.0,10859.0
2021-03-05,64833.0,55810.0,18388.0,66085.0,54721.0,63865.0,10920.0
2021-03-06,65165.0,56067.0,18444.0,66354.0,54940.0,64182.0,10993.0
2021-03-07,65367.0,56251.0,18509.0,66579.0,55150.0,64423.0,11068.0
2021-03-08,65434.0,56330.0,18564.0,66687.0,55449.0,64516.0,11110.0
2021-03-09,65728.0,56594.0,18635.0,66935.0,55718.0,64880.0,11191.0
2021-03-10,66110.0,56908.0,18685.0,67271.0,55845.0,65143.0,11250.0
2021-03-11,66497.0,57177.0,18766.0,67555.0,56052.0,65481.0,11320.0
2021-03-12,66816.0,57464.0,18860.0,67935.0,56456.0,65873.0,11367.0
2021-03-13,67231.0,57803.0,18947.0,68269.0,57099.0,66608.0,11452.0
2021-03-14,67515.0,58084.0,19028.0,68533.0,57378.0,66899.0,11527.0
2021-03-15,67604.0,58192.0,19047.0,68699.0,57583.0,67111.0,11552.0
2021-03-16,68100.0,58469.0,19128.0,68939.0,57877.0,67538.0,11627.0
2021-03-17,68466.0,58827.0,19225.0,69430.0,58250.0,67927.0,11736.0
2021-03-18,68847.0,59199.0,19301.0,69658.0,58540.0,68238.0,11804.0
2021-03-19,69111.0,59572.0,19390.0,69928.0,58945.0,68661.0,11862.0
2021-03-20,69513.0,59915.0,19453.0,70320.0,59264.0,69069.0,11951.0
2021-03-21,69774.0,60213.0,19531.0,70507.0,59530.0,69474.0,12018.0
2021-03-22,69938.0,60304.0,19536.0,70611.0,59842.0,69724.0,12058.0
2021-03-23,70351.0,60648.0,19572.0,71004.0,60131.0,70131.0,12115.0
2021-03-24,70722.0,61035.0,19673.0,71310.0,60420.0,70586.0,12224.0
2021-03-25,71053.0,61362.0,19769.0,71582.0,60759.0,70960.0,12326.0
2021-03-26,71436.0,61697.0,19849.0,71851.0,61264.0,71386.0,12427.0
2021-03-27,71751.0,61987.0,19914.0,72204.0,61531.0,71747.0,12503.0
2021-03-28,71979.0,62271.0,19969.0,72374.0,61864.0,72002.0,12564.0
2021-03-29,72080.0,62360.0,20026.0,72469.0,62040.0,72192.0,12570.0
2021-03-30,72248.0,62571.0,20088.0,72657.0,62290.0,72407.0,12600.0
2021-03-31,72753.0,62956.0,20156.0,73121.0,62647.0,72838.0,12698.0
2021-04-01,73119.0,63228.0,20230.0,73400.0,62912.0,73142.0,12761.0
2021-04-02,73368.0,63468.0,20283.0,73683.0,63190.0,73536.0,12819.0
2021-04-03,73668.0,63701.0,20324.0,73901.0,63408.0,73991.0,12889.0
2021-04-04,73896.0,63897.0,20358.0,74038.0,63575.0,74378.0,12913.0
2021-04-05,73999.0,63967.0,20382.0,74134.0,63704.0,74566.0,12940.0
2021-04-06,74076.0,64020.0,20397.0,74238.0,63817.0,74688.0,12956.0
2021-04-07,74248.0,64177.0,20446.0,74420.0,64005.0,74860.0,12986.0
2021-04-08,74482.0,64392.0,20488.0,74582.0,64178.0,75203.0,13050.0
2021-04-09,74777.0,64579.0,20529.0,74829.0,64335.0,75430.0,13083.0
2021-04-10,75062.0,64735.0,20567.0,75002.0,64439.0,75648.0,13132.0
2021-04-11,75299.0,64882.0,20611.0,75120.0,64554.0,75827.0,13166.0
2021-04-12,75418.0,64937.0,20624.0,75178.0,64671.0,76019.0,13188.0
2021-04-13,75659.0,65093.0,20655.0,75324.0,64823.0,76178.0,13192.0
2021-04-14,75939.0,65252.0,20690.0,75488.0,64994.0,76396.0,13225.0
2021-04-15,76181.0,65416.0,20727.0,75698.0,65140.0,76628.0,13280.0
2021-04-16,76415.0,65569.0,20757.0,75859.0,65268.0,76786.0,13316.0
2021-04-17,76657.0,65742.0,20810.0,75985.0,65427.0,76943.0,13331.0
2021-04-18,76852.0,65893.0,20837.0,76113.0,65561.0,77032.0,13358.0
2021-04-19,76936.0,65941.0,20844.0,76160.0,65710.0,77162.0,13375.0
2021-04-20,77144.0,66109.0,20897.0,76322.0,65832.0,77357.0,13388.0
2021-04-21,77409.0,66281.0,20912.0,76538.0,65998.0,77585.0,13419.0
2021-04-22,77622.0,66483.0,20938.0,76685.0,66131.0,77827.0,13459.0
2021-04-23,77815.0,66654.0,20960.0,76892.0,66270.0,78077.0,13482.0
2021-04-24,78018.0,66850.0,20977.0,77016.0,66433.0,78304.0,13516.0
2021-04-25,78185.0,67021.0,20990.0,77139.0,66546.0,78458.0,13548.0
2021-04-26,78268.0,67066.0,20999.0,77247.0,66650.0,78632.0,13557.0
2021-04-27,78525.0,67192.0,21022.0,77403.0,66799.0,78761.0,13570.0
2021-04-28,78807.0,67367.0,21046.0,77515.0,66954.0,78963.0,13578.0
2021-04-29,79028.0,67534.0,21055.0,77663.0,67078.0,79192.0,13617.0
2021-04-30,79258.0,67693.0,21080.0,77731.0,67222.0,79339.0,13628.0
2021-05-01,79486.0,67878.0,21108.0,77881.0,67374.0,79494.0,13644.0
2021-05-02,79556.0,67929.0,21123.0,77928.0,67423.0,79568.0,13658.0
2021-05-03,79605.0,67961.0,21136.0,77985.0,67517.0,79674.0,13666.0
2021-05-04,79832.0,68083.0,21154.0,78117.0,67653.0,79762.0,13674.0
2021-05-05,80015.0,68226.0,21177.0,78221.0,67788.0,79901.0,13691.0
2021-05-06,80213.0,68365.0,21202.0,78309.0,67989.0,80056.0,13711.0
2021-05-07,80355.0,68495.0,21212.0,78379.0,68138.0,80150.0,13720.0
2021-05-08,80484.0,68616.0,21228.0,78431.0,68231.0,80243.0,13742.0
2021-05-09,80588.0,68708.0,21243.0,78509.0,68308.0,80348.0,13763.0
2021-05-10,80630.0,68742.0,21253.0,78529.0,68379.0,80405.0,13763.0
2021-05-11,80748.0,68823.0,21268.0,78583.0,68463.0,80457.0,13769.0
2021-05-12,80888.0,68920.0,21279.0,78658.0,68544.0,80527.0,13791.0
2021-05-13,80985.0,69009.0,21283.0,78740.0,68627.0,80617.0,13803.0
2021-05-14,81066.0,69097.0,21302.0,78802.0,68699.0,80709.0,13832.0
2021-05-15,81165.0,69153.0,21311.0,78838.0,68773.0,80762.0,13839.0
2021-05-16,81217.0,69221.0,21312.0,78884.0,68818.0,80814.0,13847.0
2021-05-17,81256.0,69233.0,21318.0,78921.0,68857.0,80845.0,13850.0
2021-05-18,81332.0,69315.0,21324.0,78986.0,68899.0,80880.0,13858.0
2021-05-19,81411.0,69376.0,21330.0,79043.0,68967.0,80937.0,13867.0
2021-05-20,81491.0,69424.0,21351.0,79084.0,69021.0,80975.0,13870.0
2021-05-21,81549.0,69468.0,21355.0,79144.0,69070.0,81016.0,13887.0
2021-05-22,81585.0,69522.0,21369.0,79186.0,69114.0,81051.0,13896.0
2021-05-23,81623.0,69553.0,21369.0,79221.0,69122.0,81070.0,13899.0
2021-05-24,81654.0,69567.0,21373.0,79245.0,69161.0,81098.0,13905.0
2021-05-25,81676.0,69594.0,21376.0,79292.0,69181.0,81131.0,13906.0
2021-05-26,81729.0,69639.0,21385.0,79340.0,69215.0,81172.0,13919.0
2021-05-27,81764.0,69695.0,21398.0,79398.0,69245.0,81214.0,13927.0
2021-05-28,81794.0,69731.0,21400.0,79419.0,69305.0,81247.0,13934.0
2021-05-29,81839.0,69766.0,21412.0,79463.0,69335.0,81274.0,13940.0
2021-05-30,81856.0,69816.0,21414.0,79481.0,69358.0,81310.0,13945.0
2021-05-31,81869.0,69821.0,21415.0,79490.0,69372.0,81324.0,13945.0
2021-06-01,81883.0,69844.0,21415.0,79514.0,69385.0,81344.0,13950.0
2021-06-02,81934.0,69877.0,21420.0,79549.0,69409.0,81364.0,13954.0
2021-06-03,81946.0,69892.0,21420.0,79554.0,69423.0,81378.0,13957.0
2021-06-04,81961.0,69916.0,21428.0,79586.0,69447.0,81390.0,13960.0
2021-06-05,81987.0,69933.0,21438.0,79613.0,69470.0,81411.0,13969.0
2021-06-06,81996.0,69953.0,21438.0,79641.0,69479.0,81422.0,13972.0
2021-06-07,82008.0,69959.0,21440.0,79642.0,69485.0,81439.0,13973.0
2021-06-08,82034.0,69992.0,21443.0,79681.0,69502.0,81448.0,13975.0
2021-06-09,82055.0,70009.0,21446.0,79692.0,69545.0,81479.0,13975.0
2021-06-10,82065.0,70024.0,21447.0,79720.0,69561.0,81491.0,13978.0
2021-06-11,82079.0,70040.0,21449.0,79742.0,69570.0,81504.0,13977.0
2021-06-12,82093.0,70047.0,21453.0,79761.0,69578.0,81517.0,13977.0
2021-06-13,82113.0,70062.0,21454.0,79774.0,69594.0,81534.0,13982.0
2021-06-14,82117.0,70065.0,21455.0,79776.0,69597.0,81540.0,13982.0
2021-06-15,82139.0,70075.0,21457.0,79788.0,69606.0,81554.0,13985.0
2021-06-16,82145.0,70086.0,21457.0,79806.0,69640.0,81559.0,13990.0
2021-06-17,82162.0,70098.0,21463.0,79813.0,69649.0,81569.0,13991.0
2021-06-18,82177.0,70109.0,21462.0,79837.0,69653.0,81580.0,13996.0
2021-06-19,82185.0,70115.0,21464.0,79849.0,69672.0,81595.0,13993.0
2021-06-20,82190.0,70120.0,21465.0,79855.0,69676.0,81601.0,13994.0
2021-06-21,82190.0,70119.0,21466.0,79858.0,69674.0,81607.0,13994.0
2021-06-22,82190.0,70187.0,21466.0,79868.0,69684.0,81607.0,13994.0
2021-06-23,82200.0,70190.0,21467.0,79877.0,69701.0,81619.0,13995.0
2021-06-24,82203.0,70192.0,21468.0,79880.0,69709.0,81634.0,13995.0
2021-06-25,82213.0,70200.0,21468.0,79883.0,69713.0,81641.0,13997.0
2021-06-26,82221.0,70205.0,21468.0,79883.0,69714.0,81659.0,13997.0
2021-06-27,82231.0,70213.0,21468.0,79887.0,69723.0,81668.0,13997.0
2021-06-28,82233.0,70214.0,21468.0,79891.0,69726.0,81677.0,13998.0
2021-06-29,82242.0,70218.0,21469.0,79894.0,69730.0,81691.0,13998.0
2021-06-30,82262.0,70229.0,21469.0,79904.0,69730.0,81702.0,14001.0
2021-07-01,82282.0,70236.0,21473.0,79923.0,69736.0,81704.0,14000.0
2021-07-02,82302.0,70243.0,21481.0,79922.0,69740.0,81722.0,14000.0
2021-07-03,82337.0,70247.0,21483.0,79923.0,69749.0,81735.0,14000.0
2021-07-04,82362.0,70253.0,21483.0,79931.0,69751.0,81744.0,14001.0
2021-07-05,82379.0,70255.0,21488.0,79934.0,69755.0,81756.0,14001.0
2021-07-06,82422.0,70261.0,21493.0,79951.0,69764.0,81769.0,14002.0
2021-07-07,82464.0,70267.0,21497.0,79957.0,69770.0,81776.0,14004.0
2021-07-08,82555.0,70279.0,21500.0,79967.0,69781.0,81794.0,14009.0
2021-07-09,82610.0,70285.0,21508.0,79978.0,69789.0,81807.0,14008.0
2021-07-10,82667.0,70296.0,21508.0,80012.0,69810.0,81836.0,14009.0
2021-07-11,82720.0,70308.0,21513.0,80034.0,69825.0,81854.0,14008.0
2021-07-12,82738.0,70315.0,21517.0,80047.0,69844.0,81868.0,14008.0
2021-07-13,82849.0,70332.0,21521.0,80105.0,69872.0,81895.0,14010.0
2021-07-14,82943.0,70355.0,21525.0,80172.0,69903.0,81924.0,14010.0
2021-07-15,83060.0,70400.0,21528.0,80250.0,69933.0,81966.0,14012.0
2021-07-16,83224.0,70468.0,21531.0,80311.0,69982.0,82022.0,14014.0
2021-07-17,83395.0,70521.0,21538.0,80392.0,70026.0,82073.0,14019.0
2021-07-18,83533.0,70564.0,21553.0,80450.0,70087.0,82121.0,14023.0
2021-07-19,83607.0,70610.0,21560.0,80510.0,70120.0,82127.0,14029.0
2021-07-20,83847.0,70661.0,21569.0,80619.0,70199.0,82219.0,14043.0
2021-07-21,84012.0,70708.0,21579.0,80673.0,70285.0,82283.0,14050.0
2021-07-22,84274.0,70791.0,21600.0,80838.0,70413.0,82423.0,14057.0
2021-07-23,84496.0,70855.0,21612.0,80981.0,70543.0,82511.0,14066.0
2021-07-24,84678.0,70920.0,21625.0,81085.0,70636.0,82598.0,14083.0
2021-07-25,84841.0,70989.0,21637.0,81178.0,70706.0,82682.0,14093.0
2021-07-26,84974.0,71030.0,21638.0,81261.0,70768.0,82761.0,14102.0
2021-07-27,85124.0,71103.0,21664.0,81355.0,70793.0,82849.0,14117.0
2021-07-28,85224.0,71163.0,21679.0,81465.0,70935.0,82931.0,14130.0
2021-07-29,85452.0,71255.0,21696.0,81640.0,71004.0,83034.0,14169.0
2021-07-30,85743.0,71371.0,21715.0,81899.0,71157.0,83173.0,14207.0
2021-07-31,85938.0,71453.0,21723.0,82014.0,71245.0,83267.0,14239.0
2021-08-01,86065.0,71543.0,21725.0,82103.0,71304.0,83331.0,14275.0
2021-08-02,86208.0,71594.0,21738.0,82214.0,71371.0,83377.0,14289.0
2021-08-03,86350.0,71699.0,21765.0,82316.0,71489.0,83510.0,14307.0
2021-08-04,86537.0,71808.0,21788.0,82471.0,71605.0,83638.0,14355.0
2021-08-05,86776.0,71889.0,21803.0,82654.0,71768.0,83742.0,14426.0
2021-08-06,86921.0,71972.0,21816.0,82785.0,71887.0,83792.0,14469.0
2021-08-07,87053.0,72075.0,21837.0,82920.0,71982.0,83921.0,14522.0
2021-08-08,87177.0,72179.0,21852.0,83028.0,72059.0,84016.0,14568.0
2021-08-09,87278.0,72212.0,21876.0,83080.0,72159.0,84067.0,14598.0
2021-08-10,87403.0,72304.0,21895.0,83177.0,72261.0,84159.0,14646.0
2021-08-11,87530.0,72371.0,21910.0,83307.0,72364.0,84270.0,14696.0
2021-08-12,87637.0,72441.0,21925.0,83381.0,72448.0,84355.0,14743.0
2021-08-13,87808.0,72535.0,21937.0,83519.0,72575.0,84455.0,14811.0
2021-08-14,87933.0,72605.0,21957.0,83615.0,72720.0,84551.0,14847.0
2021-08-15,88049.0,72701.0,21961.0,83687.0,72795.0,84648.0,14883.0
2021-08-16,88090.0,72727.0,21961.0,83715.0,72892.0,84721.0,14895.0
2021-08-17,88170.0,72789.0,21972.0,83785.0,72962.0,84812.0,14915.0
2021-08-18,88318.0,72882.0,21983.0,83885.0,73075.0,84945.0,14985.0
2021-08-19,88428.0,72989.0,22002.0,83966.0,73191.0,85039.0,15031.0
2021-08-20,88530.0,73057.0,22010.0,84039.0,73291.0,85157.0,15065.0
2021-08-21,88662.0,73153.0,22023.0,84183.0,73449.0,85297.0,15107.0
2021-08-22,88714.0,73236.0,22046.0,84251.0,73496.0,85403.0,15141.0
2021-08-23,88764.0,73301.0,22048.0,84323.0,73562.0,85464.0,15147.0
2021-08-24,88859.0,73373.0,22065.0,84413.0,73653.0,85529.0,15170.0
2021-08-25,88991.0,73474.0,22094.0,84613.0,73805.0,85696.0,15219.0
2021-08-26,89130.0,73571.0,22120.0,84753.0,73945.0,85853.0,15233.0
2021-08-27,89242.0,73706.0,22134.0,84895.0,74073.0,85985.0,15265.0
2021-08-28,89415.0,73799.0,22157.0,85099.0,74216.0,86159.0,15292.0
2021-08-29,89482.0,73926.0,22175.0,85168.0,74300.0,86270.0,15314.0
2021-08-30,89496.0,73958.0,22176.0,85283.0,74368.0,86340.0,15328.0
2021-08-31,89623.0,74075.0,22190.0,85386.0,74480.0,86442.0,15338.0
2021-09-01,89746.0,74191.0,22199.0,85551.0,74589.0,86589.0,15347.0
2021-09-02,89897.0,74337.0,22232.0,85750.0,74707.0,86730.0,15378.0
2021-09-03,89993.0,74462.0,22250.0,85877.0,74822.0,86861.0,15407.0
2021-09-04,90138.0,74551.0,22267.0,85999.0,74926.0,87003.0,15417.0
2021-09-05,90212.0,74682.0,22287.0,86089.0,75018.0,87135.0,15434.0
2021-09-06,90250.0,74716.0,22288.0,86129.0,75055.0,87244.0,15439.0
2021-09-07,90342.0,74838.0,22308.0,86221.0,75171.0,87348.0,15453.0
2021-09-08,90446.0,74979.0,22339.0,86368.0,75269.0,87485.0,15477.0
2021-09-09,90553.0,75027.0,22364.0,86441.0,75392.0,87599.0,15491.0
2021-09-10,90648.0,75153.0,22378.0,86531.0,75472.0,87767.0,15515.0
2021-09-11,90746.0,75248.0,22398.0,86660.0,75581.0,87882.0,15527.0
2021-09-12,90819.0,75345.0,22414.0,86714.0,75640.0,88013.0,15548.0
2021-09-13,90843.0,75380.0,22422.0,86760.0,75719.0,88101.0,15549.0
2021-09-14,90924.0,75447.0,22448.0,86838.0,75789.0,88208.0,15557.0
2021-09-15,90997.0,75498.0,22469.0,86920.0,75853.0,88305.0,15574.0
2021-09-16,91004.0,75536.0,22486.0,86932.0,75902.0,88344.0,15583.0
2021-09-17,91215.0,75692.0,22502.0,87081.0,76076.0,88611.0,15602.0
2021-09-18,91299.0,75792.0,22520.0,87170.0,76206.0,88726.0,15618.0
2021-09-19,91346.0,75858.0,22524.0,87244.0,76259.0,88827.0,15627.0
2021-09-20,91369.0,75884.0,22527.0,87285.0,76311.0,88899.0,15630.0
2021-09-21,91424.0,75962.0,22538.0,87404.0,76391.0,88999.0,15641.0
2021-09-22,91497.0,76066.0,22558.0,87481.0,76474.0,89125.0,15657.0
2021-09-23,91554.0,76138.0,22580.0,87560.0,76552.0,89247.0,15667.0
2021-09-24,91634.0,76196.0,22594.0,87630.0,76635.0,89353.0,15683.0
2021-09-25,91695.0,76273.0,22607.0,87658.0,76696.0,89477.0,15683.0
2021-09-26,91741.0,76318.0,22615.0,87709.0,76761.0,89565.0,15688.0
2021-09-27,91750.0,76341.0,22615.0,87750.0,76823.0,89602.0,15694.0
2021-09-28,91830.0,76397.0,22621.0,87817.0,76885.0,89689.0,15704.0
2021-09-29,91859.0,76415.0,22633.0,87890.0,76935.0,89763.0,15709.0
2021-09-30,91932.0,76474.0,22639.0,87978.0,77021.0,89904.0,15716.0
2021-10-01,92007.0,76494.0,22645.0,88034.0,77084.0,90006.0,15724.0
2021-10-02,92082.0,76647.0,22652.0,88096.0,77153.0,90093.0,15735.0
2021-10-03,92135.0,76688.0,22658.0,88094.0,77202.0,90195.0,15741.0
2021-10-04,92149.0,76701.0,22656.0,88162.0,77239.0,90236.0,15743.0
2021-10-05,92225.0,76754.0,22661.0,88238.0,77285.0,90325.0,15754.0
2021-10-06,92313.0,76822.0,22675.0,88318.0,77336.0,90416.0,15761.0
2021-10-07,92408.0,76873.0,22676.0,88372.0,77391.0,90489.0,15778.0
2021-10-08,92500.0,76916.0,22683.0,88447.0,77435.0,90565.0,15778.0
2021-10-09,92587.0,76982.0,22694.0,88487.0,77476.0,90654.0,15786.0
2021-10-10,92631.0,77032.0,22699.0,88518.0,77496.0,90716.0,15791.0
2021-10-11,92667.0,77048.0,22698.0,88533.0,77540.0,90747.0,15803.0
2021-10-12,92733.0,77106.0,22710.0,88594.0,77594.0,90821.0,15811.0
2021-10-13,92823.0,77165.0,22722.0,88641.0,77649.0,90884.0,15822.0
2021-10-14,92892.0,77219.0,22727.0,88696.0,77716.0,90951.0,15835.0
2021-10-15,92974.0,77266.0,22739.0,88749.0,77760.0,91033.0,15856.0
2021-10-16,93032.0,77335.0,22744.0,88792.0,77834.0,91159.0,15872.0
2021-10-17,93090.0,77365.0,22756.0,88835.0,77876.0,91215.0,15883.0
2021-10-18,93112.0,77398.0,22765.0,88860.0,77903.0,91240.0,15892.0
2021-10-19,93173.0,77431.0,22778.0,88910.0,77940.0,91322.0,15899.0
2021-10-20,93274.0,77505.0,22787.0,88970.0,78011.0,91433.0,15928.0
2021-10-21,93374.0,77585.0,22793.0,89030.0,78079.0,91541.0,15952.0
2021-10-22,93437.0,77652.0,22803.0,89069.0,78128.0,91667.0,15972.0
2021-10-23,93504.0,77737.0,22810.0,89147.0,78215.0,91755.0,16007.0
2021-10-24,93574.0,77818.0,22822.0,89176.0,78274.0,91865.0,16036.0
2021-10-25,93596.0,77844.0,22828.0,89218.0,78314.0,91926.0,16055.0
2021-10-26,93691.0,77918.0,22850.0,89296.0,78399.0,92028.0,16073.0
2021-10-27,93761.0,78016.0,22862.0,89369.0,78485.0,92184.0,16109.0
2021-10-28,93839.0,78080.0,22886.0,89456.0,78570.0,92312.0,16148.0
2021-10-29,93914.0,78191.0,22906.0,89529.0,78639.0,92453.0,16171.0
2021-10-30,94023.0,78261.0,22937.0,89608.0,78734.0,92565.0,16198.0
2021-10-31,94068.0,78324.0,22951.0,89647.0,78777.0,92723.0,16223.0
2021-11-01,94103.0,78363.0,22955.0,89716.0,78856.0,92824.0,16239.0
2021-11-02,94163.0,78389.0,22970.0,89776.0,78925.0,92919.0,16243.0
2021-11-03,94278.0,78541.0,22998.0,89905.0,79040.0,93105.0,16276.0
2021-11-04,94443.0,78655.0,23043.0,90005.0,79139.0,93247.0,16338.0
2021-11-05,94595.0,78759.0,23076.0,90133.0,79290.0,93426.0,16371.0
2021-11-06,94723.0,78924.0,23109.0,90269.0,79431.0,93546.0,16411.0
2021-11-07,94846.0,79047.0,23127.0,90374.0,79529.0,93750.0,16438.0
2021-11-08,94887.0,79079.0,23136.0,90457.0,79642.0,93888.0,16453.0
2021-11-09,95027.0,79259.0,23183.0,90671.0,79780.0,94028.0,16464.0
2021-11-10,95177.0,79429.0,23196.0,90842.0,79944.0,94253.0,16501.0
2021-11-11,95367.0,79617.0,23243.0,90994.0,80142.0,94494.0,16550.0
2021-11-12,95512.0,79795.0,23278.0,91206.0,80298.0,94744.0,16589.0
2021-11-13,95664.0,79977.0,23333.0,91422.0,80480.0,95031.0,16624.0
2021-11-14,95753.0,80179.0,23366.0,91588.0,80643.0,95209.0,16657.0
2021-11-15,95813.0,80317.0,23382.0,91705.0,80762.0,95445.0,16679.0
2021-11-16,95998.0,80555.0,23422.0,91973.0,81013.0,95695.0,16714.0
2021-11-17,96164.0,80787.0,23469.0,92260.0,81299.0,96051.0,16766.0
2021-11-18,96350.0,81020.0,23528.0,92568.0,81550.0,96546.0,16814.0
2021-11-19,96521.0,81218.0,23554.0,92739.0,81784.0,96968.0,16847.0
2021-11-20,96762.0,81528.0,23605.0,93184.0,82105.0,97419.0,16938.0
2021-11-21,96956.0,81773.0,23657.0,93388.0,82344.0,97703.0,16974.0
2021-11-22,97028.0,81944.0,23699.0,93526.0,82544.0,97890.0,17020.0
2021-11-23,97260.0,82268.0,23749.0,93858.0,82822.0,98249.0,17059.0
2021-11-24,97509.0,82604.0,23810.0,94252.0,83209.0,98659.0,17141.0
2021-11-25,97756.0,82942.0,23864.0,94739.0,83617.0,99061.0,17236.0
2021-11-26,97998.0,83351.0,23912.0,95163.0,84007.0,99491.0,17316.0
2021-11-27,98273.0,83758.0,23969.0,95614.0,84419.0,99903.0,17399.0
2021-11-28,98528.0,84141.0,24024.0,96060.0,84777.0,100388.0,17475.0
2021-11-29,98636.0,84295.0,24062.0,96407.0,85047.0,100688.0,17510.0
2021-11-30,98962.0,84818.0,24169.0,96882.0,85369.0,101242.0,17552.0
2021-12-01,99260.0,85264.0,24255.0,97472.0,85836.0,101905.0,17632.0
2021-12-02,99550.0,85784.0,24335.0,98188.0,86362.0,102489.0,17777.0
2021-12-03,99841.0,86273.0,24466.0,98859.0,86940.0,103332.0,17868.0
2021-12-04,100253.0,86746.0,24563.0,99466.0,87416.0,103757.0,17910.0
2021-12-05,100523.0,87262.0,24602.0,99956.0,87849.0,104168.0,17939.0
2021-12-06,100666.0,87496.0,24663.0,100430.0,88226.0,104403.0,18109.0
2021-12-07,101134.0,88161.0,24724.0,101007.0,88678.0,105028.0,18184.0
2021-12-08,101568.0,88835.0,24797.0,101695.0,89146.0,106047.0,18299.0
2021-12-09,101695.0,89108.0,24853.0,102280.0,89541.0,106474.0,18353.0
2021-12-10,102274.0,89955.0,24955.0,103184.0,90174.0,107244.0,18473.0
2021-12-11,102791.0,90786.0,25054.0,104031.0,90740.0,108279.0,18599.0
2021-12-12,103242.0,91453.0,25141.0,104743.0,91265.0,108972.0,18722.0
2021-12-13,103445.0,91858.0,25187.0,105264.0,91717.0,109360.0,18786.0
2021-12-14,104090.0,92788.0,25299.0,106069.0,92365.0,110186.0,18875.0
2021-12-15,104637.0,93584.0,25389.0,106741.0,92988.0,110987.0,18992.0
2021-12-16,105148.0,94248.0,25526.0,107532.0,93593.0,111527.0,19091.0
2021-12-17,105902.0,95219.0,25619.0,109043.0,94531.0,112620.0,19259.0
2021-12-18,106526.0,95908.0,25712.0,110036.0,95277.0,113342.0,19369.0
2021-12-19,107078.0,96601.0,25820.0,110709.0,95909.0,113979.0,19490.0
2021-12-20,107411.0,96963.0,25874.0,111298.0,96296.0,114437.0,19582.0
2021-12-21,108263.0,97891.0,25956.0,112380.0,97088.0,115243.0,19699.0
2021-12-22,108995.0,98722.0,26057.0,113406.0,97781.0,116193.0,19831.0
2021-12-23,109850.0,99618.0,26212.0,114398.0,98616.0,117268.0,19990.0
2021-12-24,110746.0,100558.0,26354.0,115292.0,99539.0,118300.0,20168.0
2021-12-25,111776.0,101470.0,26477.0,116352.0,100471.0,119321.0,20391.0
2021-12-26,112028.0,101767.0,26559.0,116946.0,101031.0,119505.0,20467.0
2021-12-27,112451.0,102555.0,26662.0,117239.0,101425.0,120152.0,20591.0
2021-12-28,113827.0,103722.0,26789.0,118634.0,102677.0,121510.0,20924.0
2021-12-29,115178.0,105222.0,27035.0,120269.0,104283.0,123115.0,21323.0
2021-12-30,117240.0,107072.0,27475.0,121218.0,106193.0,125404.0,21745.0
2021-12-31,119250.0,108870.0,27686.0,121901.0,107940.0,127182.0,22248.0
2022-01-01,121458.0,110961.0,28001.0,126835.0,109848.0,129134.0,22707.0
2022-01-02,122413.0,111286.0,28083.0,127674.0,110820.0,129465.0,22919.0
2022-01-03,123515.0,112439.0,28460.0,128906.0,111692.0,130648.0,23272.0
2022-01-04,126970.0,115406.0,28759.0,132102.0,114089.0,133485.0,24132.0
2022-01-05,130285.0,118426.0,29197.0,135019.0,116722.0,136591.0,24995.0
2022-01-06,134166.0,121839.0,29771.0,137892.0,119403.0,139720.0,25931.0
2022-01-07,135590.0,122679.0,30013.0,138908.0,120528.0,141264.0,26399.0
2022-01-08,139790.0,126169.0,30775.0,143066.0,123731.0,144679.0,27563.0
2022-01-09,142824.0,128711.0,31337.0,145293.0,125607.0,147172.0,28356.0
2022-01-10,144483.0,129917.0,31627.0,146475.0,126856.0,148527.0,28701.0
2022-01-11,149068.0,133648.0,32299.0,150493.0,130020.0,152088.0,29887.0
2022-01-12,153345.0,137240.0,32900.0,153521.0,133028.0,155668.0,30884.0
2022-01-13,157255.0,140715.0,33656.0,156013.0,135696.0,158814.0,31953.0
2022-01-14,161152.0,144041.0,34360.0,159432.0,138247.0,161807.0,32975.0
2022-01-15,165186.0,147939.0,35137.0,162612.0,141025.0,165162.0,33916.0
2022-01-16,167938.0,150343.0,35582.0,165165.0,142640.0,167503.0,34593.0
2022-01-17,169074.0,151706.0,35772.0,166323.0,143703.0,168483.0,35013.0
2022-01-18,174376.0,156220.0,36723.0,170608.0,147174.0,173150.0,36254.0
2022-01-19,178911.0,160096.0,37577.0,174594.0,149861.0,176995.0,37302.0
2022-01-20,183443.0,164097.0,38086.0,179001.0,152958.0,180804.0,38300.0
2022-01-21,187245.0,167778.0,38881.0,182338.0,155765.0,184231.0,39130.0
2022-01-22,190913.0,171513.0,39626.0,185843.0,158552.0,187286.0,39931.0
2022-01-23,193856.0,174479.0,40140.0,188526.0,160603.0,190048.0,40656.0
2022-01-24,195129.0,175681.0,40331.0,189744.0,161561.0,190953.0,40986.0
2022-01-25,204575.0,184872.0,42228.0,198189.0,169049.0,200442.0,43044.0
2022-01-26,208202.0,188860.0,43010.0,201995.0,171767.0,204056.0,43860.0
2022-01-27,211696.0,192858.0,43383.0,205873.0,174650.0,207383.0,44558.0
2022-01-28,214816.0,196223.0,44177.0,208323.0,177258.0,210479.0,45303.0
2022-01-29,217821.0,199095.0,44865.0,211219.0,179562.0,213397.0,45942.0
2022-01-30,219907.0,201375.0,45283.0,213114.0,181459.0,215378.0,46359.0
2022-01-31,220832.0,202389.0,45478.0,214148.0,182164.0,216046.0,46615.0
2022-02-01,224081.0,205766.0,46107.0,216233.0,184446.0,219409.0,47333.0
2022-02-02,226584.0,208240.0,46661.0,219373.0,186693.0,221850.0,47888.0
2022-02-03,228813.0,210401.0,47111.0,221195.0,189054.0,224008.0,48389.0
2022-02-04,230762.0,212273.0,47500.0,223032.0,191067.0,225854.0,48787.0
2022-02-05,232513.0,213984.0,47911.0,224931.0,192673.0,227892.0,49166.0
2022-02-06,233999.0,215316.0,48219.0,226386.0,193766.0,229272.0,49474.0
2022-02-07,234654.0,215806.0,48317.0,226841.0,194254.0,229758.0,49602.0
2022-02-08,236668.0,217867.0,48762.0,228737.0,196106.0,231971.0,50106.0
2022-02-09,238200.0,219183.0,49014.0,233353.0,197489.0,233353.0,50402.0
2022-02-10,239464.0,220451.0,49299.0,231926.0,198711.0,234740.0,50638.0
2022-02-11,240578.0,221531.0,49585.0,233120.0,199812.0,235877.0,50849.0
2022-02-12,241712.0,222528.0,49820.0,234181.0,200867.0,237031.0,51125.0
2022-02-13,242554.0,223349.0,50036.0,234995.0,201572.0,237848.0,51298.0
2022-02-14,242950.0,223720.0,50115.0,235370.0,201951.0,238234.0,51405.0
2022-02-15,244215.0,224986.0,50417.0,236555.0,203348.0,239704.0,51690.0
2022-02-16,245079.0,225842.0,50571.0,237561.0,204348.0,240743.0,51913.0
2022-02-17,246054.0,226878.0,50837.0,238633.0,205407.0,241854.0,52188.0
2022-02-18,246883.0,227680.0,51025.0,239517.0,206349.0,242847.0,52400.0
2022-02-19,247739.0,228478.0,51182.0,240305.0,207315.0,243875.0,52614.0
2022-02-20,248377.0,229144.0,51364.0,240897.0,208025.0,244644.0,52768.0
2022-02-21,248735.0,229398.0,51442.0,241170.0,208400.0,244975.0,52864.0
2022-02-22,249847.0,230430.0,51625.0,242127.0,209459.0,246259.0,53160.0
2022-02-23,250611.0,231142.0,51804.0,242853.0,210434.0,247187.0,53382.0
2022-02-24,251389.0,231857.0,51991.0,243310.0,211237.0,248086.0,53577.0
2022-02-25,252050.0,232501.0,52123.0,243680.0,212025.0,248856.0,53742.0
2022-02-26,252688.0,233114.0,52292.0,244654.0,212797.0,249629.0,53901.0
2022-02-27,253044.0,233592.0,52402.0,245115.0,213282.0,250217.0,53996.0
2022-02-28,253268.0,233771.0,52443.0,245328.0,213549.0,250445.0,54074.0
2022-03-01,253998.0,234529.0,52623.0,246011.0,214427.0,251419.0,54241.0
2022-03-02,254483.0,235082.0,52750.0,246446.0,215212.0,252158.0,54401.0
2022-03-03,255066.0,235721.0,52855.0,247033.0,216049.0,253085.0,54564.0
2022-03-04,255660.0,236322.0,52977.0,247632.0,216847.0,253907.0,54713.0
2022-03-05,256200.0,236995.0,53105.0,248354.0,217670.0,254688.0,54824.0
2022-03-06,256533.0,237583.0,53198.0,248873.0,218294.0,255331.0,54950.0
2022-03-07,256800.0,237833.0,53250.0,249138.0,218675.0,255599.0,55014.0
2022-03-08,257595.0,238680.0,53408.0,249998.0,219789.0,256718.0,55210.0
2022-03-09,258196.0,239331.0,53513.0,250684.0,220630.0,257579.0,55359.0
2022-03-10,258852.0,240112.0,53645.0,251403.0,221617.0,258611.0,55546.0
2022-03-11,259526.0,240854.0,53768.0,252109.0,222603.0,259568.0,55733.0
2022-03-12,260216.0,241600.0,53907.0,252811.0,223593.0,260588.0,55943.0
2022-03-13,260750.0,242256.0,54054.0,253395.0,224429.0,261472.0,56092.0
2022-03-14,261002.0,242506.0,54079.0,253713.0,224829.0,261850.0,56174.0
2022-03-15,262187.0,243806.0,54290.0,254660.0,226330.0,263520.0,56500.0
2022-03-16,263075.0,244719.0,54464.0,255459.0,227639.0,264831.0,56770.0
2022-03-17,264057.0,245782.0,54634.0,256701.0,229110.0,266282.0,57069.0
2022-03-18,264811.0,246819.0,54789.0,257926.0,230253.0,267634.0,57352.0
2022-03-19,265831.0,247958.0,54956.0,258961.0,231648.0,269290.0,57636.0
2022-03-20,266497.0,248771.0,55094.0,259828.0,232486.0,270350.0,57835.0
2022-03-21,266833.0,249045.0,55124.0,260156.0,232909.0,270768.0,57925.0
2022-03-22,268136.0,250533.0,55405.0,261188.0,234585.0,272765.0,58330.0
2022-03-23,269147.0,251675.0,55580.0,261760.0,235975.0,274309.0,58669.0
2022-03-24,270273.0,252944.0,55802.0,263820.0,237405.0,276049.0,59021.0
2022-03-25,271325.0,254118.0,55978.0,264877.0,238783.0,277576.0,59402.0
2022-03-26,272403.0,255355.0,56158.0,266233.0,240128.0,279099.0,59741.0
2022-03-27,273186.0,256215.0,56293.0,267053.0,240947.0,280240.0,59967.0
2022-03-28,273548.0,256532.0,56350.0,267434.0,241312.0,280564.0,60096.0
2022-03-29,275154.0,258304.0,56621.0,268774.0,243051.0,282812.0,60574.0
2022-03-30,276350.0,259565.0,56807.0,270382.0,244553.0,284475.0,60944.0
2022-03-31,277463.0,260998.0,57055.0,271596.0,245973.0,286301.0,61297.0
2022-04-01,278614.0,262286.0,57215.0,272894.0,247294.0,287961.0,61649.0
2022-04-02,279651.0,263511.0,57445.0,274029.0,248566.0,289399.0,61981.0
2022-04-03,280406.0,264421.0,57613.0,274938.0,249370.0,290367.0,62233.0
2022-04-04,280817.0,264792.0,57645.0,275380.0,249721.0,290661.0,62372.0
2022-04-05,282200.0,266582.0,57921.0,276760.0,251238.0,292796.0,62809.0
2022-04-06,283282.0,267917.0,58174.0,278052.0,252542.0,294070.0,63164.0
2022-04-07,284566.0,269323.0,58384.0,279376.0,253836.0,295639.0,63512.0
2022-04-08,285650.0,270625.0,58586.0,280600.0,255136.0,297003.0,63889.0
2022-04-09,286679.0,271907.0,58788.0,281809.0,256364.0,298432.0,64213.0
2022-04-10,287501.0,272856.0,59068.0,282852.0,257255.0,299453.0,64473.0
2022-04-11,287886.0,273177.0,59129.0,283230.0,257570.0,299691.0,64588.0
2022-04-12,289276.0,274834.0,59463.0,284565.0,259152.0,301581.0,65002.0
2022-04-13,290335.0,276106.0,59718.0,285944.0,260435.0,302892.0,65320.0
2022-04-14,291408.0,277358.0,59982.0,287208.0,261619.0,304348.0,65606.0
2022-04-15,292437.0,278573.0,60219.0,288319.0,262735.0,305582.0,65890.0
2022-04-16,293517.0,279712.0,60451.0,289395.0,263862.0,306907.0,66152.0
2022-04-17,294373.0,280561.0,60620.0,290255.0,264601.0,307883.0,66355.0
2022-04-18,294628.0,280833.0,60718.0,290615.0,264962.0,308109.0,66441.0
2022-04-19,294928.0,281147.0,60795.0,291101.0,265301.0,308415.0,66590.0
2022-04-20,296709.0,282778.0,61071.0,292731.0,266993.0,310603.0,66987.0
2022-04-21,297938.0,284057.0,61345.0,294085.0,268308.0,312174.0,67253.0
2022-04-22,299028.0,285284.0,61555.0,295370.0,269504.0,313610.0,67571.0
2022-04-23,300231.0,286471.0,61823.0,296622.0,270732.0,315016.0,67885.0
2022-04-24,301061.0,287353.0,61961.0,297515.0,271543.0,316028.0,68100.0
2022-04-25,301410.0,287741.0,62027.0,297886.0,271954.0,316330.0,68232.0
2022-04-26,301761.0,288034.0,62066.0,298375.0,272363.0,316582.0,68368.0
2022-04-27,303380.0,289850.0,62367.0,299988.0,273896.0,318815.0,68728.0
2022-04-28,304597.0,291113.0,62524.0,301128.0,275146.0,320316.0,69015.0
2022-04-29,305604.0,292279.0,62707.0,302190.0,276171.0,321595.0,69297.0
2022-04-30,306535.0,293402.0,62844.0,303054.0,277109.0,322826.0,69526.0
2022-05-01,307203.0,294164.0,62978.0,303956.0,277760.0,323593.0,69712.0
2022-05-02,307382.0,294412.0,63032.0,304191.0,277880.0,323785.0,69785.0
2022-05-03,308458.0,295647.0,63186.0,304823.0,279039.0,325269.0,70052.0
2022-05-04,309283.0,296580.0,63329.0,305224.0,279899.0,326280.0,70264.0
2022-05-05,310042.0,297417.0,63468.0,306763.0,280675.0,327285.0,70478.0
2022-05-06,310785.0,298263.0,63550.0,307599.0,281386.0,328239.0,70698.0
2022-05-07,311520.0,299050.0,63731.0,308256.0,282072.0,329099.0,70891.0
2022-05-08,312049.0,299661.0,63876.0,308822.0,282517.0,329712.0,71041.0
2022-05-09,312198.0,299889.0,63889.0,309016.0,282801.0,329876.0,71100.0
2022-05-10,313329.0,300994.0,64063.0,309881.0,283664.0,331080.0,71366.0
2022-05-11,314072.0,301731.0,64200.0,310630.0,284316.0,331933.0,71547.0
2022-05-12,314736.0,302486.0,64308.0,311317.0,284989.0,332754.0,71710.0
2022-05-13,315365.0,303112.0,64436.0,311945.0,285594.0,333527.0,71874.0
2022-05-14,315954.0,303769.0,64535.0,312536.0,286168.0,334242.0,72033.0
2022-05-15,316431.0,304232.0,64632.0,312951.0,286529.0,334698.0,72123.0
2022-05-16,316574.0,304379.0,64650.0,313119.0,286668.0,334817.0,72174.0
2022-05-17,317358.0,305132.0,64803.0,313733.0,287294.0,335615.0,72352.0
2022-05-18,317838.0,305578.0,64927.0,314189.0,287691.0,336165.0,72464.0
2022-05-19,318274.0,306091.0,65012.0,314598.0,288090.0,336744.0,72560.0
2022-05-20,318680.0,306449.0,65083.0,314964.0,288447.0,337190.0,72669.0
2022-05-21,319043.0,306787.0,65159.0,315270.0,288802.0,337600.0,72750.0
2022-05-22,319309.0,307032.0,65201.0,315514.0,288994.0,337842.0,72836.0
2022-05-23,319402.0,307140.0,65217.0,315601.0,289115.0,337904.0,72868.0
2022-05-24,319880.0,307591.0,65306.0,316013.0,289481.0,338384.0,72972.0
2022-05-25,320162.0,307908.0,65359.0,316339.0,289785.0,338746.0,73027.0
2022-05-26,320479.0,308185.0,65452.0,316680.0,290043.0,339100.0,73094.0
2022-05-27,320698.0,308414.0,65524.0,317001.0,290279.0,339383.0,73146.0
2022-05-28,320982.0,308615.0,65581.0,317240.0,290475.0,339695.0,73196.0
2022-05-29,321184.0,308755.0,65609.0,317466.0,290629.0,339870.0,73244.0
2022-05-30,321230.0,308814.0,65614.0,317545.0,290720.0,339931.0,73265.0
2022-05-31,321556.0,309091.0,65686.0,317887.0,290993.0,340325.0,73332.0
2022-06-01,321768.0,309287.0,65726.0,318178.0,291242.0,340633.0,73387.0
2022-06-02,321967.0,309533.0,65775.0,318485.0,291565.0,340954.0,73454.0
2022-06-03,322030.0,309618.0,65789.0,318597.0,291659.0,341030.0,73480.0
2022-06-04,322314.0,309921.0,65882.0,319043.0,292012.0,341438.0,73563.0
2022-06-05,322515.0,310113.0,65931.0,319277.0,292202.0,341672.0,73615.0
2022-06-06,322578.0,310180.0,65942.0,319400.0,292315.0,341750.0,73638.0
2022-06-07,322983.0,310533.0,66032.0,319884.0,292714.0,342273.0,73747.0
2022-06-08,323311.0,310813.0,66094.0,320260.0,293068.0,342686.0,73820.0
2022-06-09,323647.0,311122.0,66184.0,320643.0,293410.0,343077.0,73896.0
2022-06-10,323990.0,311362.0,66269.0,321057.0,293791.0,343443.0,73982.0
2022-06-11,324317.0,311678.0,66332.0,321485.0,294150.0,343798.0,74043.0
2022-06-12,324585.0,311908.0,66390.0,321813.0,294450.0,344089.0,74094.0
2022-06-13,324665.0,312007.0,66407.0,321939.0,294552.0,344198.0,74138.0
2022-06-14,325256.0,312565.0,66513.0,322789.0,295302.0,344843.0,74269.0
2022-06-15,325785.0,313063.0,66671.0,323424.0,295942.0,345483.0,74384.0
2022-06-16,326374.0,313634.0,66813.0,323863.0,296656.0,346139.0,74503.0
2022-06-17,327019.0,314121.0,66961.0,324315.0,297387.0,346739.0,74653.0
2022-06-18,327647.0,314665.0,67115.0,325736.0,298197.0,347354.0,74789.0
2022-06-19,328143.0,315118.0,67237.0,326336.0,298803.0,347928.0,74914.0
2022-06-20,328286.0,315276.0,67273.0,326608.0,299121.0,348089.0,74972.0
2022-06-21,329407.0,316244.0,67501.0,327894.0,300296.0,349364.0,75211.0
2022-06-22,330240.0,317141.0,67696.0,329024.0,301434.0,350471.0,75416.0
2022-06-23,331131.0,318078.0,67924.0,330223.0,302606.0,351767.0,75683.0
2022-06-24,332000.0,318951.0,68113.0,331254.0,303683.0,353021.0,75966.0
2022-06-25,332890.0,319838.0,68351.0,332526.0,304867.0,354302.0,76216.0
2022-06-26,333583.0,320549.0,68503.0,333430.0,305622.0,355157.0,76414.0
2022-06-27,333894.0,320842.0,68574.0,333858.0,306031.0,355515.0,76509.0
2022-06-28,335463.0,322498.0,68939.0,335568.0,307645.0,357719.0,76927.0
2022-06-29,336746.0,323876.0,69213.0,337099.0,309200.0,359591.0,77348.0
2022-06-30,338007.0,325331.0,69589.0,338518.0,310735.0,361551.0,77720.0
2022-07-01,339207.0,326672.0,69921.0,339978.0,312101.0,363306.0,78080.0
2022-07-02,340426.0,328007.0,70216.0,341351.0,313685.0,365056.0,78442.0
2022-07-03,341419.0,329195.0,70474.0,342702.0,314658.0,366329.0,78722.0
2022-07-04,341761.0,329578.0,70523.0,343097.0,315050.0,366587.0,78847.0
2022-07-05,343592.0,331738.0,71040.0,345301.0,317101.0,369225.0,79392.0
2022-07-06,345355.0,333557.0,71408.0,347173.0,319063.0,371458.0,79875.0
2022-07-07,346844.0,335364.0,71727.0,349073.0,320797.0,373572.0,80354.0
2022-07-08,348342.0,337082.0,72055.0,350709.0,322449.0,375475.0,80772.0
2022-07-09,349784.0,338717.0,72377.0,352380.0,324055.0,377427.0,81167.0
2022-07-10,350909.0,339984.0,72651.0,353714.0,325243.0,378752.0,81453.0
2022-07-11,351282.0,340449.0,72713.0,354150.0,325644.0,379123.0,81597.0
2022-07-12,353763.0,343010.0,73197.0,356436.0,328061.0,381949.0,82201.0
2022-07-13,355457.0,344880.0,73589.0,358550.0,330033.0,384093.0,82662.0
2022-07-14,357151.0,346817.0,73963.0,360540.0,331817.0,386183.0,83116.0
2022-07-15,358566.0,348505.0,74322.0,362245.0,333447.0,388042.0,83545.0
2022-07-16,359919.0,350104.0,74731.0,363807.0,335075.0,389748.0,83930.0
2022-07-17,360977.0,351331.0,74953.0,364987.0,336165.0,390971.0,84205.0
2022-07-18,361348.0,351694.0,75016.0,365366.0,336485.0,391244.0,84355.0
2022-07-19,363393.0,354002.0,75460.0,367476.0,338671.0,393779.0,84908.0
2022-07-20,364950.0,355651.0,75751.0,369145.0,340286.0,395552.0,85411.0
2022-07-21,366291.0,357125.0,75977.0,370716.0,341946.0,397162.0,85805.0
2022-07-22,367505.0,358379.0,76333.0,372020.0,343315.0,398608.0,86216.0
2022-07-23,368715.0,359631.0,76580.0,373395.0,344680.0,399921.0,86603.0
2022-07-24,369570.0,360491.0,76784.0,374444.0,345638.0,400942.0,86827.0
2022-07-25,369874.0,360821.0,76848.0,374813.0,345966.0,401119.0,86930.0
2022-07-26,371321.0,362458.0,77190.0,376514.0,347470.0,402864.0,87402.0
2022-07-27,372767.0,363885.0,77476.0,378102.0,349010.0,404427.0,87836.0
2022-07-28,373978.0,365161.0,77714.0,379423.0,350416.0,405861.0,88214.0
2022-07-29,374972.0,366191.0,77972.0,380520.0,351552.0,407055.0,88550.0
2022-07-30,375908.0,367251.0,78145.0,381553.0,352621.0,408215.0,88888.0
2022-07-31,376637.0,368034.0,78317.0,382349.0,353353.0,409007.0,89094.0
2022-08-01,376859.0,368352.0,78370.0,382625.0,353629.0,409192.0,89198.0
2022-08-02,378259.0,369751.0,78660.0,384017.0,354998.0,410764.0,89600.0
2022-08-03,379197.0,370733.0,78814.0,385037.0,355991.0,411831.0,89891.0
2022-08-04,380013.0,371629.0,79063.0,385912.0,356813.0,412752.0,90161.0
2022-08-05,380832.0,372397.0,79231.0,386693.0,357596.0,413599.0,90371.0
2022-08-06,381575.0,373137.0,79405.0,387395.0,358271.0,414408.0,90597.0
2022-08-07,382103.0,373666.0,79517.0,387906.0,358770.0,414950.0,90741.0
2022-08-08,382308.0,373863.0,79544.0,388064.0,358972.0,415131.0,90809.0
2022-08-09,383339.0,374793.0,79818.0,388916.0,359829.0,416194.0,91113.0
2022-08-10,384056.0,375424.0,79969.0,389542.0,360549.0,416966.0,91346.0
2022-08-11,384548.0,375991.0,80161.0,390019.0,361170.0,417619.0,91532.0
2022-08-12,385301.0,376519.0,80297.0,390509.0,361672.0,418185.0,91691.0
2022-08-13,385841.0,377034.0,80438.0,391045.0,362159.0,418725.0,91865.0
2022-08-14,386259.0,377495.0,80533.0,391470.0,362552.0,419157.0,91980.0
2022-08-15,386436.0,377687.0,80573.0,391677.0,362720.0,419304.0,92048.0
2022-08-16,386593.0,377827.0,80651.0,391841.0,362873.0,419420.0,92113.0
2022-08-17,387513.0,378714.0,80922.0,392656.0,363526.0,420430.0,92365.0
2022-08-18,388156.0,379290.0,81075.0,393229.0,364120.0,421103.0,92553.0
2022-08-19,388667.0,379854.0,81215.0,393674.0,364691.0,421700.0,92704.0
2022-08-20,389252.0,380414.0,81357.0,394132.0,365187.0,422270.0,92872.0
2022-08-21,389626.0,380841.0,81461.0,394534.0,365543.0,422705.0,92980.0
2022-08-22,389767.0,381019.0,81518.0,394685.0,365695.0,422815.0,93042.0
2022-08-23,390549.0,381909.0,81706.0,395358.0,366435.0,423645.0,93264.0
2022-08-24,391102.0,382510.0,81873.0,395836.0,366966.0,424256.0,93415.0
2022-08-25,391611.0,383098.0,82007.0,396255.0,367471.0,424786.0,93540.0
2022-08-26,392099.0,383626.0,82148.0,396628.0,367932.0,425254.0,93644.0
2022-08-27,392616.0,384139.0,82249.0,397083.0,368382.0,425733.0,93766.0
2022-08-28,392946.0,384609.0,82330.0,397448.0,368692.0,426109.0,93846.0
2022-08-29,393091.0,384775.0,82356.0,397570.0,368795.0,426191.0,93886.0
2022-08-30,393740.0,385540.0,82488.0,398207.0,369380.0,426921.0,94028.0
2022-08-31,394256.0,386079.0,82659.0,398689.0,369865.0,427420.0,94122.0
2022-09-01,394652.0,386595.0,82780.0,399157.0,370246.0,427905.0,94212.0
2022-09-02,395024.0,387001.0,82914.0,399568.0,370621.0,428334.0,94297.0
2022-09-03,395395.0,387435.0,83020.0,399909.0,370896.0,428748.0,94373.0
2022-09-04,395722.0,387734.0,83105.0,400189.0,371106.0,429066.0,94438.0
2022-09-05,395831.0,387834.0,83139.0,400293.0,371220.0,429147.0,94462.0
2022-09-06,396393.0,388444.0,83289.0,400809.0,371632.0,429774.0,94593.0
2022-09-07,396781.0,388834.0,83378.0,401185.0,372018.0,430192.0,94688.0
2022-09-08,397171.0,389258.0,83464.0,401570.0,372346.0,430627.0,94774.0
2022-09-09,397498.0,389468.0,83579.0,401911.0,372672.0,430969.0,94851.0
2022-09-10,397836.0,389882.0,83666.0,402243.0,372953.0,431320.0,94916.0
2022-09-11,398024.0,390141.0,83714.0,402476.0,373138.0,431559.0,94953.0
2022-09-12,398141.0,390285.0,83737.0,402583.0,373267.0,431654.0,94983.0
2022-09-13,398604.0,390895.0,83891.0,403076.0,373687.0,432264.0,95085.0
2022-09-14,398921.0,391385.0,84010.0,403479.0,374071.0,432742.0,95167.0
2022-09-15,399230.0,391792.0,84098.0,403881.0,374448.0,433256.0,95258.0
2022-09-16,399544.0,392324.0,84203.0,404273.0,374802.0,433740.0,95341.0
2022-09-17,399872.0,392817.0,84314.0,404663.0,375171.0,434199.0,95424.0
2022-09-18,400152.0,393233.0,84380.0,404984.0,375439.0,434504.0,95485.0
2022-09-19,400274.0,393393.0,84394.0,405094.0,375551.0,434614.0,95522.0
2022-09-20,400819.0,394182.0,84590.0,405749.0,376093.0,435296.0,95653.0
2022-09-21,401344.0,394812.0,84723.0,406300.0,376592.0,435878.0,95761.0
2022-09-22,401842.0,395525.0,84861.0,406814.0,377061.0,436537.0,95872.0
2022-09-23,402380.0,396220.0,85003.0,407383.0,377486.0,437166.0,95992.0
2022-09-24,402888.0,396943.0,85176.0,407931.0,377981.0,437852.0,96127.0
2022-09-25,403367.0,397565.0,85280.0,408423.0,378358.0,438335.0,96248.0
2022-09-26,403554.0,397820.0,85322.0,408583.0,378544.0,438459.0,96306.0
2022-09-27,404606.0,399220.0,85632.0,409609.0,379470.0,439750.0,96599.0
2022-09-28,405482.0,400271.0,85849.0,410514.0,380359.0,440689.0,96835.0
2022-09-29,406426.0,401407.0,86065.0,411315.0,381213.0,441712.0,97014.0
2022-09-30,407228.0,402393.0,86290.0,412167.0,381938.0,442698.0,97202.0
2022-10-01,408009.0,403359.0,86514.0,412950.0,382695.0,443659.0,97424.0
2022-10-02,408705.0,404189.0,86654.0,413607.0,383276.0,444372.0,97576.0
2022-10-03,408953.0,404433.0,86694.0,413812.0,383486.0,444552.0,97639.0
2022-10-04,410409.0,406133.0,87131.0,415168.0,384684.0,446237.0,97970.0
2022-10-05,411465.0,407437.0,87425.0,416302.0,385811.0,447448.0,98243.0
2022-10-06,412452.0,408692.0,87682.0,417351.0,386695.0,448531.0,98507.0
2022-10-07,413655.0,410028.0,87957.0,418463.0,387794.0,449768.0,98781.0
2022-10-08,414746.0,411235.0,88237.0,419455.0,388769.0,450916.0,99048.0
2022-10-09,415517.0,412210.0,88464.0,420313.0,389500.0,451752.0,99236.0
2022-10-10,415815.0,412465.0,88499.0,420535.0,389751.0,451952.0,99314.0
2022-10-11,417305.0,414224.0,88948.0,422103.0,391141.0,453654.0,99686.0
2022-10-12,418379.0,415415.0,89277.0,423208.0,392264.0,454869.0,99983.0
2022-10-13,419341.0,416578.0,89520.0,424336.0,393291.0,455971.0,100248.0
2022-10-14,420208.0,417569.0,89755.0,425293.0,394235.0,457022.0,100531.0
2022-10-15,420990.0,418496.0,90035.0,426208.0,395156.0,458042.0,100740.0
2022-10-16,421574.0,419162.0,90215.0,426954.0,395793.0,458775.0,100886.0
